{
    "rowData": [
        {
            "empId" : "2105711",
            "name"  : "Lakshminath",
            "designation" : "SA",
            "onboardingStatus" : "Completed",
            "billingStatus" : "Yes",
            "manager" : "Ranjith"
        },
        {
            "empId" : "2105711",
            "name"  : "Lakshminath",
            "designation" : "SA",
            "onboardingStatus" : "Completed",
            "billingStatus" : "Yes",
            "manager" : "Ranjith"
        },
        {
            "empId" : "2105711",
            "name"  : "Lakshminath",
            "designation" : "SA",
            "onboardingStatus" : "Completed",
            "billingStatus" : "Yes",
            "manager" : "Ranjith"
        },
        {
            "empId" : "2105711",
            "name"  : "Lakshminath",
            "designation" : "SA",
            "onboardingStatus" : "Completed",
            "billingStatus" : "Yes",
            "manager" : "Ranjith"
        },
        {
            "empId" : "2105711",
            "name"  : "Lakshminath",
            "designation" : "SA",
            "onboardingStatus" : "Completed",
            "billingStatus" : "Yes",
            "manager" : "Ranjith"
        },
        {
            "empId" : "2105711",
            "name"  : "Lakshminath",
            "designation" : "SA",
            "onboardingStatus" : "Completed",
            "billingStatus" : "Yes",
            "manager" : "Ranjith"
        },
        {
            "empId" : "2105711",
            "name"  : "Lakshminath",
            "designation" : "SA",
            "onboardingStatus" : "Completed",
            "billingStatus" : "Yes",
            "manager" : "Ranjith"
        },
        {
            "empId" : "2105711",
            "name"  : "Lakshminath",
            "designation" : "SA",
            "onboardingStatus" : "Completed",
            "billingStatus" : "Yes",
            "manager" : "Ranjith"
        },
        {
            "empId" : "2105711",
            "name"  : "Lakshminath",
            "designation" : "SA",
            "onboardingStatus" : "Completed",
            "billingStatus" : "Yes",
            "manager" : "Ranjith"
        },
        {
            "empId" : "2105711",
            "name"  : "Lakshminath",
            "designation" : "SA",
            "onboardingStatus" : "Completed",
            "billingStatus" : "Yes",
            "manager" : "Ranjith"
        },
        {
            "empId" : "2105711",
            "name"  : "Lakshminath",
            "designation" : "SA",
            "onboardingStatus" : "Completed",
            "billingStatus" : "Yes",
            "manager" : "Ranjith"
        },
        {
            "empId" : "2105711",
            "name"  : "Lakshminath",
            "designation" : "SA",
            "onboardingStatus" : "Completed",
            "billingStatus" : "Yes",
            "manager" : "Ranjith"
        }
    ],
    "colDefs" : [
        {
            "field": "empId",
            "headerName": "Emp ID"
        },
        {
            "field": "name",
            "headerName": "Associate Name"
        },
        {
            "field": "designation",
            "headerName": "Designation"
        },
        {
            "field": "onboardingStatus",
            "headerName": "Onboarding Status"
        },
        {
            "field": "billingStatus",
            "headerName": "Billing Status"
        },
        {
            "field": "manager",
            "headerName": "Manager"
        }
    ]
}